,Word,Frequency
0,发票,980.97
1,我司,455.26
2,贵司,357.37
3,公司,313.06
4,代开,256.58
5,点数,202.2
6,++,137.35
7,深圳市,120.5
8,邮件,114.06
9,合作,109.58
10,实业,102.58
11,网站,100.63
12,金利,98.4
13,梦工场,97.3
14,联系电话,92.21
15,验证,77.82
16,华实业,75.6
17,软件,71.08
18,谢谢合作,70.18
19,外代,67.93
20,优惠,67.7
21,顺祝,64.86
22,税点,64.76
23,群发,63.79
24,独家代理,61.84
25,免费,61.57
26,代理,60.47
27,金星,60.05
28,税务局,58.47
29,网址,48.89
30,普通发票,48.53
31,专用发票,48.35
32,开发票,46.54
33,您们,42.16
34,注册,41.53
35,电子名片,41.47
36,广告,40.45
37,进项,40.44
38,可代,38.83
39,张伟明,38.48
40,成功,37.36
41,电子信箱,36.47
42,地址,36.44
43,立体画,36.27
44,厂家,34.41
45,税率,34.2
46,华隆源,34.11
47,增值税,33.03
48,点击,32.99
49,无标题,32.96
50,源盛,32.75
51,艺术品,31.13
52,李庄,30.79
53,搜索引擎,30.78
54,首页,30.54
55,邮址,30.07
56,网络,29.8
57,咨询,29.72
58,海关,29.42
59,特价,29.41
60,宋体,29.11
61,旅游,28.52
62,详情请,28.27
63,信息,27.73
64,达明,27.68
65,文档,27.59
66,芙蓉姐姐,27.48
67,华龙,27.0
68,手机,26.63
69,黄页,25.83
70,中关村,25.24
71,上网,25.07
72,万达,24.74
73,实达,24.72
74,科飞,24.63
75,林进,24.63
76,税额,24.35
77,服务,24.22
78,开票,23.94
79,昌隆,23.92
80,易购网,23.91
81,数码商城,23.91
82,同居,23.37
83,搜索,22.94
84,我们,22.8
85,好利通,22.23
86,下载,22.22
87,本站,21.95
88,数码相机,21.95
89,邮箱,21.42
90,饰品,21.32
91,如贵,20.94
92,查询,20.92
93,粤丰,20.81
94,地坪,20.75
95,调货,20.17
96,每月,20.05
97,人才,19.73
98,光晔,19.52
99,创伟,18.94
100,电脑,18.6
101,北京,18.56
102,咨讯,18.27
103,精选,18.13
104,客户,18.07
105,来电,18.03
106,交友,17.98
107,惠源,17.95
108,一卡多,17.93
109,洽商,17.74
110,华达,17.5
111,球拍,17.37
112,产品,17.27
113,会员,17.23
114,华源,17.16
115,销售税,16.95
116,名录,16.9
117,进销存,16.87
118,会计,16.85
119,票后,16.77
120,域名,16.62
121,联系人,16.33
122,深发隆,15.94
123,收费,15.85
124,贝利,15.65
125,火暴,15.52
126,欢迎光临,15.47
127,销售,15.41
128,最新,15.41
129,进仓,14.96
130,税票,14.96
131,制冷,14.82
132,忆途,14.58
133,商品销售,14.56
134,培训网,14.35
135,定税,14.2
136,深表歉意,14.08
137,国税,14.08
138,环氧,13.91
139,财务经理,13.68
140,发送,13.61
141,资料,13.47
142,管理,13.43
143,设计,13.32
144,王翔,13.21
145,可验证,13.13
146,有意,13.1
147,邮件地址,13.06
148,用票,12.99
149,爱情,12.98
150,防爆,12.78
151,低点,12.71
152,请速,12.63
153,防静电,12.38
154,有意者,12.24
155,写真集,12.24
156,公寓,12.15
157,广源,12.05
158,发布,12.03
159,电子商务,11.96
160,拓博,11.95
161,傈扁,11.95
162,维拉,11.94
163,资讯网,11.88
164,在线,11.87
165,贸易网,11.84
166,验票,11.77
167,图书,11.74
168,百万,11.67
169,合作部,11.64
170,多一份,11.47
171,电子琴,11.42
172,代办,11.37
173,信箱,11.33
174,股票市场,11.21
175,进出口,11.16
176,空调,11.11
177,项目,11.07
178,杂志,11.03
179,企业,11.03
180,退订,10.96
181,单据,10.96
182,传真,10.76
183,您好,10.53
184,新闻,10.18
185,爆笑,10.13
186,用户,10.08
187,张高伟,10.05
188,双嬴,10.04
189,国际域名,10.0
190,供求信息,9.86
191,广州市,9.78
192,货到付款,9.68
193,双模,9.67
194,商家,9.61
195,网敬上,9.56
196,世界名牌,9.56
197,抵帐,9.47
198,伟光,9.47
199,根治性,9.44
200,免费软件,9.44
201,第一页,9.41
202,关键词,9.34
203,财富,9.24
204,建筑安装,9.22
205,粤海,9.18
206,甜梦,9.11
207,服务器,9.04
208,安利,9.04
209,源顺,8.99
210,谋利,8.91
211,系统,8.82
212,抵扣,8.75
213,用品,8.72
214,加盟,8.7
215,维修,8.67
216,新等国,8.67
217,尖锐湿疣,8.65
218,第一,8.59
219,安装,8.56
220,身体,8.55
221,伟仕嘉,8.39
222,感觉,8.38
223,系列,8.34
224,扑克牌,8.29
225,敬请原谅,8.26
226,自流平,8.19
227,分公司,8.19
228,博客,8.17
229,营销,8.15
230,阴茎,8.14
231,环氧树脂,8.13
232,成人,8.1
233,制服,8.08
234,发送到,8.01
235,手机信号,7.98
236,通网,7.97
237,无痛,7.97
238,惊爆,7.97
239,您们好,7.87
240,星辉,7.82
241,媲美,7.81
242,证书,7.8
243,网球,7.77
244,技工,7.77
245,京泽,7.73
246,旗帜,7.69
247,广州,7.67
248,行业,7.65
249,课程,7.62
250,地税,7.61
251,研究室,7.58
252,麻将,7.56
253,内容,7.56
254,发邮件,7.55
255,包月卡,7.55
256,黄鼠狼,7.54
257,标题,7.54
258,无忧,7.54
259,万封,7.5
260,无疤,7.47
261,好帮手,7.43
262,便宜,7.42
263,这里,7.4
264,李生,7.34
265,谢谢,7.32
266,教学,7.32
267,地头,7.25
268,光盘,7.25
269,出租,7.21
270,电磁辐射,7.19
271,彩印,7.17
272,吊运机,7.17
273,往返,7.07
274,主机,7.06
275,发牌,7.01
276,外用药,7.0
277,防腐,6.98
278,背单词,6.95
279,服务周到,6.94
280,网页,6.9
281,网络版,6.9
282,试用,6.89
283,来忆途,6.86
284,电话,6.85
285,打色,6.81
286,来电来函,6.78
287,韦生,6.75
288,可爱,6.75
289,联通,6.73
290,老师,6.73
291,欢迎您,6.73
292,建国路,6.71
293,信息网,6.69
294,商谈,6.63
295,陈先生,6.56
296,如本,6.56
297,商务网,6.55
298,票据,6.51
299,单程,6.51
300,链接,6.5
301,特此,6.49
302,发亿,6.49
303,财务,6.48
304,积分,6.46
305,便携式,6.46
306,职位,6.45
307,电击,6.45
308,资金,6.44
309,中山大道,6.44
310,大厦,6.43
311,手机短信,6.38
312,自助,6.37
313,妹妹,6.34
314,批发,6.33
315,适合,6.3
316,飞过,6.27
317,短信,6.26
318,+++,6.26
319,教学资源,6.21
320,自定义,6.18
321,团购,6.17
322,供应商,6.17
323,趣闻,6.15
324,患者,6.15
325,欢迎,6.11
326,完全免费,6.11
327,请原谅,6.06
328,财智,6.04
329,热情周到,6.04
330,资源,6.01
331,温湿度,6.0
332,同情,5.99
333,无关,5.98
334,网络传媒,5.96
335,书海,5.96
336,周刊,5.92
337,租售,5.91
338,新星,5.9
339,友情链接,5.9
340,湿度,5.87
341,子表,5.84
342,认证,5.8
343,源代码,5.8
344,威海,5.8
345,各类,5.78
346,费送票,5.77
347,菊花,5.75
348,创达,5.71
349,管理软件,5.68
350,退定,5.62
351,赚钱,5.62
352,李小姐,5.6
353,标签,5.59
354,社区,5.58
355,演示,5.58
356,商贸网,5.58
357,岳小梅,5.57
358,课程表,5.56
359,处女膜,5.55
360,回复,5.53
361,分类广告,5.53
362,出家,5.51
363,访问,5.48
364,特价书,5.43
365,特书,5.43
366,出项,5.43
367,一台,5.42
368,打挠,5.4
369,领跑,5.39
370,号码,5.38
371,华雄,5.38
372,报关,5.37
373,投稿,5.37
374,加入,5.37
375,酒店,5.36
376,网文,5.35
377,生物课,5.35
378,专业,5.34
379,装潢,5.3
380,康达,5.27
381,订房网,5.26
382,飞机票,5.24
383,全球,5.21
384,新东方,5.2
385,制作,5.18
386,供应链,5.18
387,设计印刷,5.12
388,电话卡,5.12
389,机打,5.12
390,请谅解,5.1
391,除湿,5.07
392,文章,5.06
393,商祺,5.06
394,左右,5.0
395,站点,4.99
396,服务部,4.99
397,市场经济,4.99
398,西门子,4.93
399,防爆电器,4.92
400,长途电话,4.92
401,写字楼,4.91
402,邮寄,4.86
403,华月轩,4.85
404,充值卡,4.85
405,高档,4.83
406,爱人,4.83
407,汤姆,4.81
408,游戏卡,4.78
409,有限公司,4.77
410,友情,4.74
411,感谢您,4.73
412,鸟儿,4.71
413,税务,4.7
414,报警器,4.69
415,金海,4.64
416,统一发票,4.64
417,广告业,4.64
418,商业信息,4.64
419,免费入场,4.63
420,腾讯,4.62
421,全国,4.62
422,吴小姐,4.61
423,请致,4.6
424,频道,4.59
425,退回,4.58
426,小店,4.56
427,增强型,4.56
428,歹徒,4.52
429,防盗,4.51
430,适用人群,4.51
431,预订,4.47
432,股民,4.47
433,功能,4.4
434,秘书网,4.35
435,书店,4.34
436,材料,4.32
437,神奇,4.31
438,有车族,4.29
439,商机,4.29
440,转帐,4.28
441,用花,4.28
442,二手,4.28
443,最新消息,4.26
444,华利达,4.26
445,可以,4.25
446,网管,4.23
447,文摘,4.23
448,招聘,4.23
449,股票价值,4.19
450,前名,4.18
451,鸿泰,4.17
452,详谈,4.16
453,一两分钟,4.13
454,迎取,4.1
455,北京市,4.1
456,礼品,4.07
457,品牌服饰,4.07
458,可代开,4.07
459,美少女,4.05
460,花卉苗木,4.04
461,鲜花,4.03
462,价格,4.03
463,接受,4.02
464,影视,4.01
465,策划,3.99
466,激情,3.98
467,南京旅游,3.98
468,小倩,3.97
469,内衣店,3.97
470,蹦出,3.96
471,环境温度,3.96
472,论坛,3.94
473,培训,3.92
474,月份,3.91
475,奖品,3.88
476,焊扁,3.86
477,固瘤,3.86
478,咨询电话,3.86
479,努腐窍技,3.86
480,优惠价,3.85
481,情缘,3.83
482,共享,3.83
483,人才网,3.83
484,机票,3.82
485,管理系统,3.8
486,登陆,3.79
487,联丰,3.78
488,叶生,3.76
489,电子邮件,3.75
490,收信,3.75
491,可折叠,3.75
492,加密,3.75
493,企业化,3.75
494,垂询,3.72
495,别无所求,3.72
496,硅谷动力,3.71
497,你好,3.69
498,通话量,3.68
499,通话质量,3.68
500,仅元,3.68
501,顺通,3.67
502,推广,3.66
503,前程无忧,3.65
504,时尚饰品,3.64
505,危害,3.64
506,世界,3.64
507,黄金宝,3.62
508,订做,3.62
509,电冶,3.62
510,田汉,3.62
511,商标,3.62
512,华进,3.62
513,八卦岭,3.58
514,奥纳,3.56
515,追货,3.54
516,中民,3.53
517,守信用,3.52
518,个字符,3.52
519,旅程,3.51
520,大头贴,3.51
521,梁小姐,3.49
522,承印,3.49
523,发封,3.48
524,减低,3.48
525,五指,3.48
526,随时随地,3.46
527,拨号上网,3.45
528,张源,3.45
529,兄弟,3.45
530,主页,3.45
531,金怡,3.44
532,原味,3.44
533,振鑫,3.42
534,信普,3.42
535,下裆,3.42
536,建网站,3.4
537,债权,3.4
538,查阅,3.38
539,二手市场,3.38
540,免费邮箱,3.37
541,隔开,3.36
542,电子邮箱,3.36
543,满载,3.34
544,联系方法,3.31
545,场所,3.31
546,包装盒,3.31
547,歌曲,3.3
548,何小娟,3.3
549,赠阅,3.29
550,查证,3.27
551,现特,3.26
552,彩印厂,3.26
553,折叠,3.24
554,广大客户,3.24
555,高科技产品,3.23
556,年月日,3.22
557,讲座,3.21
558,明天,3.21
559,打扰,3.21
560,其它,3.21
561,商务,3.19
562,合作愉快,3.19
563,长期有效,3.18
564,套餐,3.18
565,迪嘉,3.17
566,相册,3.17
567,商业界,3.17
568,国内长途,3.16
569,内置,3.16
570,印刷,3.15
571,经济型,3.13
572,物流,3.13
573,丽都,3.13
574,福建,3.12
575,祝贵,3.12
576,这封,3.1
577,网上商店,3.1
578,生意兴隆,3.1
579,嘉兴,3.1
580,查看,3.09
581,家教,3.09
582,游戏,3.08
583,公文,3.08
584,安讯,3.07
585,刘小姐,3.07
586,余世维,3.07
587,科技,3.05
588,数码广场,3.05
589,办理,3.05
590,退信,3.04
591,男医生,3.03
592,可向外,3.03
593,上海,3.03
594,胃病,3.02
595,点播,3.0
596,求购,3.0
597,脱光光,2.99
598,加密狗,2.99
599,邮票,2.98
600,贵站,2.98
601,设备厂,2.98
602,网上,2.98
603,铜雕,2.97
604,怎样,2.95
605,开发区,2.95
606,订阅,2.94
607,国家一级,2.94
608,博熙,2.94
609,百得,2.93
610,理光,2.93
611,功能模块,2.93
612,加盟商,2.92
613,包月,2.88
614,接收,2.87
615,鲜花网,2.85
616,深辉,2.85
617,页面,2.83
618,在线电影,2.83
619,澳洲,2.82
620,户口,2.82
621,小说,2.82
622,国兴,2.81
623,财务部,2.8
624,写作,2.79
625,引智,2.78
626,供需见面,2.78
627,不要,2.78
628,通信,2.77
629,创业,2.77
630,介绍,2.77
631,长三角,2.76
632,最眩,2.76
633,丝印,2.76
634,零售,2.73
635,稿件,2.73
636,演奏,2.73
637,网络营销,2.72
638,交流,2.72
639,轴承,2.71
640,氧吧,2.69
641,香港,2.68
642,新疆,2.68
643,业务,2.68
644,技术,2.67
645,供求,2.67
646,互联网,2.66
647,国内,2.65
648,申请,2.64
649,报税,2.64
650,好用,2.64
651,不干胶,2.64
652,递送,2.63
653,笔记本,2.63
654,澳杰,2.62
655,清洗,2.62
656,代码,2.62
657,南京,2.61
658,二手房,2.61
659,南涧,2.6
660,动画,2.6
661,请询,2.56
662,承诺,2.56
663,虹轩,2.54
664,看票,2.54
665,每日,2.54
666,有疑,2.54
667,家长,2.54
668,鹏辉,2.53
669,锦上添花,2.53
670,邮编,2.53
671,蟑螂,2.53
672,爱丽,2.53
673,领购,2.52
674,版主,2.52
675,水晶制品,2.52
676,帐务,2.52
677,防盗器,2.51
678,宣传,2.51
679,女性,2.51
680,标志,2.5
681,外星人,2.5
682,兰蔻,2.5
683,迷幻药,2.49
684,荣泰,2.48
685,订机,2.47
686,留学,2.47
687,电信,2.47
688,核销单,2.47
689,工商,2.46
690,太阳光,2.46
691,需开,2.45
692,涂料,2.45
693,资生堂,2.44
694,贷款,2.43
695,订购,2.43
696,按揭,2.43
697,得浪,2.43
698,网费,2.42
699,捕捉,2.42
700,会得,2.42
701,企业会员,2.42
702,强效,2.41
703,增城,2.41
704,图片,2.4
705,遍元,2.39
706,近名,2.39
707,联辉,2.39
708,等级证书,2.39
709,發票,2.39
710,登陆器,2.39
711,猎头,2.39
712,无需,2.39
713,敬请,2.39
714,报名,2.39
715,在线电视,2.39
716,先锋,2.39
717,老客户,2.38
718,订座,2.37
719,票代开,2.36
720,国税发,2.36
721,首祝,2.34
722,汉元,2.34
723,少妇,2.34
724,保险,2.34
725,电视直播,2.33
726,数据库,2.33
727,手提电脑,2.33
728,万条,2.33
729,腾迅,2.32
730,翻译,2.32
731,第一句,2.32
732,目的地,2.32
733,电视,2.32
734,不凡,2.32
735,数码,2.31
736,复读,2.31
737,普洱茶,2.3
738,昌盛,2.29
739,夏季,2.29
740,连接,2.28
741,唱歌,2.28
742,帮助,2.27
743,营销网,2.26
744,应急,2.26
745,大师,2.26
746,限时,2.25
747,车主,2.25
748,购物网,2.25
749,技术移民,2.25
750,家饰,2.25
751,北美地区,2.25
752,轻轻松松,2.24
753,见谅,2.24
754,英汉,2.24
755,求职,2.24
756,客户端,2.24
757,人生,2.24
758,连系,2.23
759,范文,2.23
760,影币,2.23
761,高级人才,2.22
762,建筑,2.22
763,财务主管,2.21
764,床垫,2.21
765,南大街,2.21
766,月饼,2.2
767,文教,2.2
768,双卡,2.2
769,粤佳,2.19
770,充气床,2.19
771,选购,2.18
772,共同前进,2.18
773,院校,2.17
774,版本,2.17
775,拟定,2.17
776,路由器,2.16
777,词组,2.16
778,需元,2.15
779,转让,2.15
780,化妆品,2.15
781,串口,2.15
782,空间,2.14
783,大全,2.14
784,响应,2.14
785,创丰,2.14
786,第一网,2.13
787,现本,2.13
788,现可,2.13
789,可同,2.13
790,古力,2.13
791,额外,2.12
792,翻阅,2.11
793,痛痛快快,2.1
794,采集,2.09
795,本店,2.09
796,非常,2.08
797,采购商,2.08
798,腾龙,2.08
799,原单,2.08
800,礼服,2.07
801,资料网,2.05
802,田旺,2.05
803,商业楼,2.05
804,集成,2.04
805,单位名称,2.04
806,今日,2.04
807,了解,2.04
808,东省,2.04
809,配件,2.03
810,都市,2.03
811,商业移民,2.03
812,襄樊,2.02
813,祝福语,2.02
814,模板,2.02
815,柏拉图,2.02
816,射精,2.02
817,回归自然,2.02
818,口腔医院,2.02
819,全免费,2.02
820,贸易,2.01
821,拖机,2.01
822,彩屏,2.01
823,六套,2.01
824,不必,2.01
825,日本,2.0
826,地带,2.0
827,演员,1.99
828,宇虹,1.99
829,娜娜,1.99
830,备案,1.99
831,零售网,1.98
832,展示,1.98
833,发送给,1.98
834,克星,1.98
835,金属加工,1.97
836,美体,1.97
837,排行榜,1.96
838,首歌曲,1.95
839,致贵,1.94
840,辉然华,1.93
841,王生,1.93
842,徽标,1.93
843,锅炉,1.92
844,对外,1.92
845,老婆,1.91
846,流程,1.91
847,互利互惠,1.91
848,收件人,1.9
849,全色,1.9
850,开店,1.89
851,哈罗,1.89
852,发贴,1.89
853,出口,1.89
854,语音,1.88
855,浏览,1.88
856,会计人员,1.88
857,第二届,1.87
858,龙威,1.86
859,局所,1.86
860,容量,1.86
861,货店,1.85
862,大爷,1.85
863,大型,1.85
864,购物,1.84
865,招才,1.84
866,娱乐社区,1.84
867,加入收藏,1.84
868,三芬网,1.84
869,环保型,1.83
870,播放器,1.83
871,俱乐部,1.83
872,李建国,1.82
873,商标代理,1.82
874,迪基,1.81
875,英语,1.81
876,芯片级,1.81
877,考研,1.81
878,结余,1.81
879,科英达,1.81
880,板卡,1.81
881,华源集团,1.81
882,化工,1.81
883,远程,1.8
884,資料,1.8
885,私服,1.8
886,梦幻,1.8
887,公斤,1.8
888,远郊区县,1.79
889,心仪已久,1.79
890,万邮址,1.79
891,这个,1.78
892,病毒性,1.78
893,虚拟主机,1.77
894,网通,1.77
895,组建,1.77
896,本司,1.77
897,明远,1.77
898,印刷网,1.77
899,金丰,1.76
900,自用,1.76
901,汽配网,1.76
902,快讯,1.76
903,如何,1.76
904,压块,1.76
905,阳光,1.75
906,日记,1.75
907,排名,1.75
908,麦穗,1.74
909,联盟,1.74
910,优惠卡,1.74
911,购书,1.73
912,展览,1.73
913,医技,1.73
914,公司财务,1.73
915,防尘,1.72
916,计划,1.72
917,自助游,1.72
918,时尚,1.72
919,多媒体,1.72
920,包装,1.72
921,刘生,1.72
922,中文,1.72
923,金属构件,1.71
924,张斌,1.71
925,家园,1.71
926,完整版,1.71
927,优惠酬宾,1.71
928,为您服务,1.71
929,换卡,1.7
930,邮政信箱,1.69
931,训练,1.69
932,案例,1.69
933,暑期,1.69
934,微型,1.69
935,座席,1.69
936,黄生,1.68
937,移动,1.68
938,短小,1.68
939,元起,1.68
940,轻松,1.67
941,节水,1.67
942,感谢,1.67
943,安诺,1.67
944,呼叫,1.67
945,通信地址,1.66
946,条码,1.66
947,最红,1.66
948,古钱币,1.66
949,本地,1.65
950,望眼,1.65
951,招生简章,1.65
952,一线品牌,1.65
953,邮品,1.64
954,规格,1.64
955,苏格拉底,1.64
956,清洗剂,1.64
957,捷克,1.64
958,庆典,1.64
959,中国,1.64
960,送歌,1.63
961,票房,1.63
962,百分百,1.63
963,听为,1.63
964,光良,1.63
965,优势,1.63
966,通讯录,1.62
967,广告行业,1.62
968,麦田,1.61
969,租用,1.61
970,电子科技,1.61
971,格式,1.61
972,协会会员,1.61
973,初装费,1.61
974,八方资源,1.61
975,专利证书,1.61
976,文凭,1.6
977,抢购,1.6
978,别墅式,1.6
979,上门服务,1.6
980,龙行,1.59
981,贵网,1.59
982,职业资格,1.59
983,樱桃红,1.59
984,富港,1.59
985,参会,1.59
986,转折点,1.58
987,源码,1.58
988,帐号,1.58
989,周先生,1.58
990,初尝,1.58
991,交易网,1.58
992,一流,1.58
993,凌美,1.57
994,以下内容,1.57
995,黑体,1.56
996,支持,1.56
997,布冯,1.56
998,成熟,1.55
999,一些,1.55
1000,锻炼,1.54
1001,特卖场,1.54
1002,有机,1.54
1003,外服,1.54
1004,保險套,1.54
1005,面向,1.53
1006,丰达,1.53
1007,万利豪,1.53
1008,特效药,1.52
1009,加油,1.52
1010,设有,1.51
1011,设为,1.51
1012,租赁业,1.51
1013,天然,1.51
1014,专业课,1.51
1015,金黄,1.5
1016,机房,1.5
1017,快递,1.5
1018,调查,1.49
1019,提供,1.49
1020,愿凉,1.49
1021,平台,1.49
1022,嘉禾,1.49
1023,发股,1.49
1024,发传真,1.49
1025,免费影院,1.49
1026,信息港,1.49
1027,软件园,1.48
1028,吓人,1.48
1029,合资,1.48
1030,各盒,1.48
1031,货运,1.47
1032,词库,1.47
1033,电邮,1.47
1034,演出服,1.47
1035,淘宝,1.47
1036,联网络,1.46
1037,爱滋病,1.46
1038,标牌,1.46
1039,抗静电,1.46
1040,工业,1.46
1041,勃起,1.46
1042,院内,1.45
1043,维修中心,1.45
1044,江苏,1.45
1045,共享资源,1.45
1046,丰胸,1.45
1047,专家,1.45
1048,预付费,1.44
1049,解密,1.44
1050,统一,1.44
1051,洽谈,1.44
1052,总经理,1.44
1053,学员,1.44
1054,金宝港,1.43
1055,输入法,1.43
1056,毕业生,1.43
1057,广告设计,1.43
1058,官方论坛,1.43
1059,门户网站,1.42
1060,表格,1.42
1061,瑞信,1.42
1062,江湖,1.42
1063,当初,1.42
1064,入学,1.42
1065,节水器,1.41
1066,绩效,1.41
1067,碧斯,1.41
1068,深圳,1.41
1069,广大读者,1.41
1070,帮别,1.41
1071,地点,1.41
1072,单位,1.4
1073,以太网,1.4
1074,他们,1.4
1075,珠心算,1.39
1076,本地股,1.39
1077,服饰,1.39
1078,打钩,1.39
1079,广东省,1.39
1080,小冯,1.39
1081,赠品,1.38
1082,情趣,1.38
1083,周末,1.38
1084,卢先生,1.38
1085,袋泡茶,1.37
1086,笔记本电脑,1.37
1087,扩展性,1.37
1088,惠信,1.37
1089,店铺,1.37
1090,共亩,1.37
1091,优惠价格,1.37
1092,整站,1.36
1093,图书网,1.36
1094,假期,1.36
1095,网游,1.35
1096,空气净化,1.35
1097,畅苑,1.35
1098,收贵,1.35
1099,小李,1.35
1100,即开,1.35
1101,勐海,1.35
1102,企業,1.35
1103,事业,1.35
1104,买卖,1.35
1105,下載,1.35
1106,铁观音,1.34
1107,网易,1.34
1108,源通,1.34
1109,教育,1.34
1110,保温,1.34
1111,伟博,1.34
1112,从现在起,1.34
1113,黄丽达,1.33
1114,鞋套机,1.33
1115,防水,1.33
1116,郭佳,1.33
1117,请发,1.33
1118,航空,1.33
1119,疑问请,1.33
1120,消毒机,1.33
1121,机箱,1.33
1122,无限,1.33
1123,改版,1.33
1124,報告,1.33
1125,售票处,1.33
1126,周宇,1.33
1127,公务员,1.33
1128,先锋网,1.33
1129,专线,1.33
1130,无广告,1.32
1131,北京东方,1.32
1132,交行,1.32
1133,七彩,1.32
1134,验证码,1.31
1135,网上商城,1.31
1136,水晶,1.31
1137,根治,1.31
1138,张洁,1.31
1139,常州,1.31
1140,富强,1.31
1141,客服,1.31
1142,清华同方,1.3
1143,水晶玻璃,1.3
1144,显微镜,1.3
1145,家居装饰,1.3
1146,香薰,1.29
1147,身体健康,1.29
1148,系列小说,1.29
1149,屋面,1.29
1150,培训中心,1.29
1151,英语单词,1.28
1152,杂志社,1.28
1153,措切,1.28
1154,发去,1.28
1155,升级,1.28
1156,动态,1.28
1157,加送,1.28
1158,第代,1.27
1159,登录,1.27
1160,演出,1.27
1161,河南,1.27
1162,巡更,1.27
1163,信息安全,1.27
1164,休闲,1.27
1165,人不试,1.27
1166,金路,1.26
1167,路演,1.26
1168,网信,1.26
1169,天津医科大学,1.26
1170,顾客,1.25
1171,追捧,1.25
1172,研修班,1.25
1173,照片,1.25
1174,测试仪,1.25
1175,隔热,1.23
1176,银河,1.23
1177,精雕,1.23
1178,报告,1.23
1179,夹具,1.23
1180,办公大楼,1.23
1181,伤害,1.23
1182,不畏,1.23
1183,解码,1.22
1184,特效,1.22
1185,收个,1.22
1186,工作室,1.22
1187,妙手,1.22
1188,信件,1.22
1189,文案,1.21
1190,数据量,1.21
1191,捕杀,1.21
1192,写真,1.21
1193,软件系统,1.2
1194,茶城,1.2
1195,磺酸钠,1.2
1196,率高,1.2
1197,激活码,1.2
1198,浮云,1.2
1199,奥噻,1.2
1200,天力,1.2
1201,十大,1.2
1202,裕兴,1.19
1203,职务,1.19
1204,相识,1.19
1205,密码保护,1.19
1206,健康网,1.19
1207,茶文化,1.18
1208,拿大奖,1.18
1209,性别,1.18
1210,当今,1.18
1211,塑化,1.18
1212,图丽,1.18
1213,动物,1.18
1214,分类目录,1.18
1215,虚拟,1.17
1216,硅油,1.17
1217,固排,1.17
1218,采光,1.16
1219,过滤器,1.16
1220,跳蚤市场,1.16
1221,电汇,1.16
1222,用人单位,1.16
1223,烷基苯,1.16
1224,新课标,1.16
1225,搜索词,1.16
1226,扑克,1.16
1227,带锯,1.16
1228,导购网,1.16
1229,大陆,1.16
1230,垃圾站,1.16
1231,厂家直销,1.16
1232,即时,1.16
1233,亚洲,1.16
1234,软件开发,1.15
1235,纬度,1.15
1236,添加,1.15
1237,弹簧,1.15
1238,市场价,1.15
1239,共盒,1.15
1240,人教版,1.15
1241,鱼与熊掌,1.14
1242,采宝,1.14
1243,转换器,1.14
1244,财税,1.14
1245,澳大利亚,1.14
1246,可向贵,1.14
1247,可低,1.14
1248,发货,1.14
1249,信誉第一,1.14
1250,为元,1.14
1251,一万元,1.14
1252,陆河,1.13
1253,计划书,1.13
1254,每人,1.13
1255,数据恢复,1.13
1256,主讲,1.13
1257,飞扬,1.12
1258,边玩,1.12
1259,船长,1.12
1260,神华,1.12
1261,满意,1.12
1262,我部,1.12
1263,含量,1.12
1264,原价,1.12
1265,千部,1.12
1266,十张,1.12
1267,刊号,1.12
1268,马来西亚,1.11
1269,风机,1.11
1270,车载,1.11
1271,盘片,1.11
1272,有空,1.11
1273,工具,1.11
1274,学习,1.11
1275,人富,1.11
1276,适用,1.1
1277,车里,1.1
1278,评审,1.1
1279,订房,1.1
1280,看不到,1.1
1281,洗涤剂,1.1
1282,汽车用品,1.1
1283,导入,1.1
1284,元通,1.1
1285,从事,1.1
1286,互联,1.1
1287,世界杯,1.1
1288,热点,1.09
1289,战警,1.09
1290,务先,1.09
1291,中国联通,1.09
1292,万自,1.09
1293,输出,1.08
1294,试用版,1.08
1295,客服部,1.08
1296,难耐,1.07
1297,详情,1.07
1298,聪促,1.07
1299,第一批,1.07
1300,流氓燕,1.07
1301,木子美,1.07
1302,星级,1.07
1303,愉快,1.07
1304,黑钱,1.06
1305,网店,1.06
1306,招标,1.06
1307,商检,1.06
1308,传真机,1.06
1309,伊人,1.06
1310,付款,1.06
1311,共人,1.05
1312,偷拍,1.05
1313,雅虎,1.04
1314,铝板,1.04
1315,远程教育,1.04
1316,找到,1.04
1317,快速,1.04
1318,培训教材,1.04
1319,茶业,1.03
1320,网络电话,1.03
1321,商城,1.03
1322,压缩,1.03
1323,进口软件,1.02
1324,编织袋,1.02
1325,总部,1.02
1326,可乐,1.02
1327,明智,1.01
1328,抽奖,1.01
1329,打开,1.01
1330,当当,1.01
1331,后市,1.01
1332,兼得,1.01
1333,高中版,1.0
1334,记久,1.0
1335,精美,1.0
1336,石狮市,1.0
1337,永久,1.0
1338,每套,1.0
1339,控制器,1.0
1340,投影机,1.0
1341,情况,1.0
1342,应届,1.0
1343,小学版,1.0
1344,国别,1.0
1345,占卜,1.0
1346,初中版,1.0
1347,典型,1.0
1348,以及,1.0
1349,亿股,1.0
1350,二级域名,1.0
1351,九龙湖,1.0
1352,三千万,1.0
1353,无法,0.99
1354,指标,0.99
1355,买家,0.99
1356,不想,0.99
1357,靠背,0.98
1358,遥控,0.98
1359,赔率,0.98
1360,目前,0.98
1361,教材,0.98
1362,打造,0.98
1363,安溪,0.98
1364,肇事,0.97
1365,电子注册,0.97
1366,无线,0.97
1367,提交,0.97
1368,工程系,0.97
1369,密码,0.97
1370,万人,0.97
1371,销遥行,0.96
1372,赠送,0.96
1373,货到,0.96
1374,笑话,0.96
1375,礼品公司,0.96
1376,无意,0.96
1377,意外,0.96
1378,展位,0.96
1379,发到,0.96
1380,一号通,0.96
1381,请来,0.95
1382,详细情况,0.95
1383,英文,0.95
1384,特惠价,0.95
1385,有所,0.95
1386,招生,0.95
1387,拉绳,0.95
1388,广东,0.95
1389,工程师,0.95
1390,友谊,0.95
1391,公测,0.95
1392,陆小姐,0.94
1393,诺特,0.94
1394,订单,0.94
1395,涂膜,0.94
1396,星达,0.94
1397,总金额,0.94
1398,引资,0.94
1399,厂商,0.94
1400,人事,0.94
1401,语言,0.93
1402,经理人,0.93
1403,竹影,0.93
1404,稳赚,0.93
1405,无耻,0.93
1406,六合彩,0.93
1407,传译,0.93
1408,休闲游戏,0.93
1409,中草药,0.93
1410,两机,0.93
1411,鸣蝉,0.92
1412,青瞳,0.92
1413,软考,0.92
1414,致贵司,0.92
1415,纸品,0.92
1416,福景,0.92
1417,最多人,0.92
1418,收取,0.92
1419,左明,0.92
1420,即知,0.92
1421,刻录,0.92
1422,传销,0.92
1423,传真电话,0.92
1424,中特,0.92
1425,上网卡,0.92
1426,三国群英,0.92
1427,部门,0.91
1428,邀请,0.91
1429,超低价,0.91
1430,购物满,0.91
1431,电话费,0.91
1432,水晶照片,0.91
1433,新款,0.91
1434,收录,0.91
1435,弱视,0.91
1436,学生,0.91
1437,大便,0.91
1438,全球华人,0.91
1439,企通,0.91
1440,萌动,0.9
1441,电动,0.9
1442,易明,0.9
1443,敬侯,0.9
1444,年龄,0.9
1445,外贸生意,0.9
1446,专利,0.9
1447,上当受骗,0.9
1448,防锈,0.89
1449,铆固,0.89
1450,邀请函,0.89
1451,苗圃,0.89
1452,网段,0.89
1453,灵芝,0.89
1454,比分,0.89
1455,检查,0.89
1456,巴西,0.89
1457,实习,0.89
1458,大宇,0.89
1459,人生大事,0.89
1460,设备,0.88
1461,让你能,0.88
1462,现金支票,0.88
1463,汽车,0.88
1464,寂寞,0.88
1465,垃圾邮件,0.88
1466,路长全,0.87
1467,百家公司,0.87
1468,留学网,0.87
1469,球轴承,0.87
1470,汽配,0.87
1471,本着,0.87
1472,故事,0.87
1473,大沥,0.87
1474,内衣网,0.87
1475,免费视听,0.87
1476,买单,0.87
1477,丰庆路,0.87
1478,丝网,0.87
1479,重聚,0.86
1480,融资,0.86
1481,肚兜,0.86
1482,斥力,0.86
1483,刀具,0.86
1484,门户站,0.85
1485,采集器,0.85
1486,蓝箭,0.85
1487,肌肤,0.85
1488,缴款,0.85
1489,维修网,0.85
1490,消项,0.85
1491,机票网,0.85
1492,博讯,0.85
1493,低成本,0.85
1494,++++,0.85
1495,金领,0.84
1496,金属,0.84
1497,综合,0.84
1498,物理,0.84
1499,我来担,0.84
1500,小姐,0.84
1501,女同事,0.84
1502,外方,0.84
1503,厕所,0.84
1504,元祖,0.84
1505,音乐,0.83
1506,科技咨询,0.83
1507,王音,0.83
1508,油泥,0.83
1509,数码科技,0.83
1510,救援,0.83
1511,开代开,0.83
1512,婚纱店,0.83
1513,婚恋,0.83
1514,商贸,0.83
1515,商务快车,0.83
1516,进气,0.82
1517,组件,0.82
1518,票务,0.82
1519,硅微粉,0.82
1520,男友,0.82
1521,日访问量,0.82
1522,收获,0.82
1523,或许,0.82
1524,彭先生,0.82
1525,半自动化,0.82
1526,青色,0.81
1527,话费,0.81
1528,无论,0.81
1529,实力,0.81
1530,首家,0.8
1531,飞常,0.8
1532,门户网,0.8
1533,逛遍,0.8
1534,检测,0.8
1535,方式,0.8
1536,数码照片,0.8
1537,放行,0.8
1538,房地产,0.8
1539,孙瑞志,0.8
1540,固型,0.8
1541,交个,0.8
1542,二手电脑,0.8
1543,资讯,0.79
1544,计费,0.79
1545,终生,0.79
1546,磁带,0.79
1547,找人,0.79
1548,想不到,0.79
1549,函件,0.79
1550,使用,0.79
1551,专利号,0.79
1552,长级,0.78
1553,请留下,0.78
1554,正副,0.78
1555,新单,0.78
1556,意大利,0.78
1557,塑形,0.78
1558,在线视频,0.78
1559,兼职,0.78
1560,一篇,0.78
1561,震動,0.77
1562,诉前,0.77
1563,自动,0.77
1564,离岸,0.77
1565,来自,0.77
1566,斯林百兰,0.77
1567,搜狐公司,0.77
1568,提案,0.77
1569,招聘启事,0.77
1570,底于,0.77
1571,家私,0.77
1572,家属,0.77
1573,分数线,0.77
1574,八九点,0.77
1575,以低,0.77
1576,为民,0.77
1577,螺丝,0.76
1578,有色金属,0.76
1579,年轻人,0.76
1580,媒体,0.76
1581,大酒店,0.76
1582,后面,0.76
1583,双色,0.76
1584,前往,0.76
1585,内为,0.76
1586,中国农业大学,0.76
1587,两千名,0.76
1588,下级,0.76
1589,龙科技,0.75
1590,金蝶,0.75
1591,职业,0.75
1592,盘仅元,0.75
1593,皮鞋,0.75
1594,熏杀,0.75
1595,炫幻,0.75
1596,明捷,0.75
1597,感德,0.75
1598,必去,0.75
1599,彩碟,0.75
1600,孢子粉,0.75
1601,国鹏,0.75
1602,吉运,0.75
1603,即可,0.75
1604,住宿,0.75
1605,价格比,0.75
1606,以茶,0.75
1607,代理商,0.75
1608,亿途,0.75
1609,东突厥,0.75
1610,阿里巴巴,0.74
1611,邮箱地址,0.74
1612,航空公司,0.74
1613,维护,0.74
1614,现我司,0.74
1615,激活,0.74
1616,派诺杰,0.74
1617,泰山,0.74
1618,月坛,0.74
1619,无穷乐趣,0.74
1620,方案,0.74
1621,华宏发,0.74
1622,中国中医研究院,0.74
1623,两性,0.74
1624,高质,0.73
1625,高保真,0.73
1626,阅读,0.73
1627,送祝福,0.73
1628,肇事车,0.73
1629,签单,0.73
1630,泡点,0.73
1631,模块,0.73
1632,南桥,0.73
1633,专用,0.73
1634,鸿图大展,0.72
1635,美女,0.72
1636,红双喜,0.72
1637,电影网,0.72
1638,新奥,0.72
1639,开发,0.72
1640,工具包,0.72
1641,尊敬,0.72
1642,哈比王,0.72
1643,发改,0.72
1644,佛教协会,0.72
1645,亿通,0.72
1646,事业有成,0.72
1647,解释权,0.71
1648,股权,0.71
1649,群英,0.71
1650,网关,0.71
1651,策划案,0.71
1652,竞价,0.71
1653,站长,0.71
1654,现金,0.71
1655,特快,0.71
1656,档案,0.71
1657,家具,0.71
1658,千个,0.71
1659,健身,0.71
1660,传奇,0.71
1661,超酷,0.7
1662,订购电话,0.7
1663,肇事者,0.7
1664,缴纳,0.7
1665,绑架勒索,0.7
1666,第一桶金,0.7
1667,磁卡,0.7
1668,盛发,0.7
1669,火风,0.7
1670,敬请光临,0.7
1671,托佛,0.7
1672,年终,0.7
1673,小时,0.7
1674,完后,0.7
1675,喜糖,0.7
1676,名优特,0.7
1677,利泰,0.7
1678,企业会计,0.7
1679,中华人民共和国财政部,0.7
1680,赢取,0.69
1681,购物中心,0.69
1682,看样,0.69
1683,生活,0.69
1684,放大镜,0.69
1685,攻击,0.69
1686,招聘网,0.69
1687,年月日时,0.69
1688,大赢家,0.69
1689,商情网,0.69
1690,创业基金,0.69
1691,分离器,0.69
1692,全文,0.69
1693,车险,0.68
1694,票点,0.68
1695,牛皮癣,0.68
1696,拦路抢劫,0.68
1697,慧眼识,0.68
1698,悼殿,0.68
1699,客商,0.68
1700,台前幕后,0.68
1701,单色光,0.68
1702,凯恩,0.68
1703,几百万,0.68
1704,还有,0.67
1705,解决,0.67
1706,篮球,0.67
1707,指教,0.67
1708,张元,0.67
1709,年级,0.67
1710,寻找,0.67
1711,复印件,0.67
1712,商铺,0.67
1713,专辑,0.67
1714,银饰品,0.66
1715,选号费,0.66
1716,背景,0.66
1717,网络工程,0.66
1718,电梯,0.66
1719,瑞丰,0.66
1720,春秋,0.66
1721,引领,0.66
1722,对讲机,0.66
1723,如果,0.66
1724,处理,0.66
1725,化工网,0.66
1726,助您,0.66
1727,八年级,0.66
1728,保昌,0.66
1729,距侩,0.65
1730,贵方,0.65
1731,购买,0.65
1732,绩效考核,0.65
1733,梁文彬,0.65
1734,李文斌,0.65
1735,折扣,0.65
1736,开如,0.65
1737,工程学院,0.65
1738,尼瓦尔,0.65
1739,对贵,0.65
1740,好消息,0.65
1741,四色,0.65
1742,北京地区,0.65
1743,侥拱,0.65
1744,一点点,0.65
1745,贝斯,0.64
1746,研讨会,0.64
1747,看着办,0.64
1748,特产,0.64
1749,消毒,0.64
1750,彩票软件,0.64
1751,婚庆,0.64
1752,声磁,0.64
1753,可靠性,0.64
1754,华美,0.64
1755,代征,0.64
1756,上步,0.64
1757,随时,0.63
1758,足彩,0.63
1759,请点,0.63
1760,见证者,0.63
1761,袜子,0.63
1762,获返,0.63
1763,网易公司,0.63
1764,电子工具,0.63
1765,本科,0.63
1766,朋友,0.63
1767,斯坦,0.63
1768,性福,0.63
1769,多个,0.63
1770,外贸,0.63
1771,墨水,0.63
1772,创业网,0.63
1773,减元卡,0.63
1774,人才库,0.63
1775,记住,0.62
1776,特意,0.62
1777,物超所值,0.62
1778,点歌,0.62
1779,测量范围,0.62
1780,榔头,0.62
1781,婚纱,0.62
1782,龙发,0.61
1783,雅信,0.61
1784,销售商,0.61
1785,钢结构,0.61
1786,车辆,0.61
1787,获刑,0.61
1788,良驹,0.61
1789,美泰,0.61
1790,网络资源,0.61
1791,答复,0.61
1792,海源,0.61
1793,新邮件,0.61
1794,数据网,0.61
1795,悄悄话,0.61
1796,彩信,0.61
1797,工作手册,0.61
1798,填写,0.61
1799,喜酒,0.61
1800,告诉,0.61
1801,名称,0.61
1802,南粤,0.61
1803,光纤,0.61
1804,促销价,0.61
1805,亿条,0.61
1806,世通埃,0.61
1807,项目名称,0.6
1808,著名品牌,0.6
1809,营业执照,0.6
1810,腮红,0.6
1811,瑞奇盛,0.6
1812,步骤,0.6
1813,性感,0.6
1814,如能,0.6
1815,天雨,0.6
1816,图铃,0.6
1817,员工,0.6
1818,后付费,0.6
1819,刘建军,0.6
1820,交朋识友,0.6
1821,世华,0.6
1822,不段,0.6
1823,万能,0.6
1824,荣达,0.59
1825,至上,0.59
1826,网络广告,0.59
1827,硅石,0.59
1828,矿脉,0.59
1829,电影,0.59
1830,流浪,0.59
1831,林业,0.59
1832,时不再来,0.59
1833,日行千里,0.59
1834,所用,0.59
1835,女性网,0.59
1836,奥汀,0.59
1837,天安,0.59
1838,仪器网,0.59
1839,该股,0.58
1840,胃口,0.58
1841,接触式,0.58
1842,惊爆价,0.58
1843,律师,0.58
1844,对方,0.58
1845,冲印,0.58
1846,集装袋,0.57
1847,财务软件,0.57
1848,航线,0.57
1849,结帐,0.57
1850,电视网,0.57
1851,理所应当,0.57
1852,植物检疫,0.57
1853,易学,0.57
1854,日期,0.57
1855,展示厅,0.57
1856,宾得,0.57
1857,宜办,0.57
1858,多多,0.57
1859,复合袋,0.57
1860,基于,0.57
1861,品项,0.57
1862,各位,0.57
1863,利安,0.57
1864,出口品,0.57
1865,兴趣,0.57
1866,专利技术,0.57
1867,饮品,0.56
1868,雕刻,0.56
1869,门派,0.56
1870,长城,0.56
1871,费用,0.56
1872,诚征,0.56
1873,视频,0.56
1874,熏蒸,0.56
1875,润茵,0.56
1876,泯灭,0.56
1877,数字网,0.56
1878,报警,0.56
1879,很棒,0.56
1880,度假村,0.56
1881,广告商,0.56
1882,市售,0.56
1883,关键字,0.56
1884,亚商,0.56
1885,为本,0.56
1886,通话,0.55
1887,这函,0.55
1888,破壁,0.55
1889,睡姿,0.55
1890,眼影,0.55
1891,潘秋红,0.55
1892,手把手,0.55
1893,广播剧,0.55
1894,驶证,0.54
1895,精品,0.54
1896,第个,0.54
1897,王晓芳,0.54
1898,清华大学,0.54
1899,每周,0.54
1900,暴富,0.54
1901,时价,0.54
1902,授课,0.54
1903,当场,0.54
1904,工艺品,0.54
1905,展馆,0.54
1906,展区,0.54
1907,多多益善,0.54
1908,域名解析,0.54
1909,回收,0.54
1910,唐易,0.54
1911,分众,0.54
1912,出生证,0.54
1913,亿八,0.54
1914,行为,0.53
1915,联名卡,0.53
1916,简体中文版,0.53
1917,科达,0.53
1918,田田,0.53
1919,流量,0.53
1920,洽谈会,0.53
1921,注册版,0.53
1922,林权证,0.53
1923,所购,0.53
1924,徐平,0.53
1925,大减价,0.53
1926,外地,0.53
1927,团购网,0.53
1928,号个,0.53
1929,单色,0.53
1930,十线,0.53
1931,动作,0.53
1932,冲床,0.53
1933,中心,0.53
1934,驻京办,0.52
1935,自动化,0.52
1936,祝生,0.52
1937,盛兴,0.52
1938,法律,0.52
1939,比住,0.52
1940,校园,0.52
1941,日记本,0.52
1942,或拔,0.52
1943,惠普,0.52
1944,情报,0.52
1945,开户行,0.52
1946,发送信息,0.52
1947,北极星,0.52
1948,元全,0.52
1949,供应,0.52
1950,这方面,0.51
1951,穴位,0.51
1952,睡眠,0.51
1953,理财,0.51
1954,挂币,0.51
1955,手表,0.51
1956,手机网,0.51
1957,套装,0.51
1958,堵漏,0.51
1959,国地税,0.51
1960,商讯,0.51
1961,刘晓梅,0.51
1962,龙兴,0.5
1963,黴菌,0.5
1964,观光团,0.5
1965,若本,0.5
1966,联邦,0.5
1967,美伊,0.5
1968,索尼,0.5
1969,礼品网,0.5
1970,皮膚,0.5
1971,状告,0.5
1972,洞库,0.5
1973,正原,0.5
1974,布艺,0.5
1975,多月,0.5
1976,商与,0.5
1977,变压器,0.5
1978,刘老师,0.5
1979,交友网,0.5
1980,颜色,0.49
1981,长期,0.49
1982,赋聪促,0.49
1983,豫安,0.49
1984,详细,0.49
1985,记帐,0.49
1986,英特尔,0.49
1987,百渡,0.49
1988,登记证,0.49
1989,注册码,0.49
1990,毛晓敏,0.49
1991,死链,0.49
1992,数据分析,0.49
1993,措免,0.49
1994,我校,0.49
1995,展览会,0.49
1996,娱乐站,0.49
1997,分享,0.49
1998,信通,0.49
1999,信群发,0.49
2000,乐力,0.49
2001,中国国情,0.49
2002,不断更新,0.49
2003,青蛙,0.48
2004,雅瑟,0.48
2005,遨游,0.48
2006,身分证,0.48
2007,贝思,0.48
2008,自动识别,0.48
2009,美语,0.48
2010,置入,0.48
2011,系统管理员,0.48
2012,江涛,0.48
2013,李开复,0.48
2014,本公,0.48
2015,日兴,0.48
2016,引擎,0.48
2017,厦门,0.48
2018,出口商品,0.48
2019,全景,0.48
2020,融政,0.47
2021,脚本语言,0.47
2022,缘分,0.47
2023,纺织,0.47
2024,泰国,0.47
2025,志达,0.47
2026,底盘,0.47
2027,左侧,0.47
2028,工程,0.47
2029,室内设计,0.47
2030,娱乐,0.47
2031,北京华,0.47
2032,包府,0.47
2033,产品图片,0.47
2034,一网,0.47
2035,鹏泰,0.46
2036,雅达,0.46
2037,达千,0.46
2038,论文,0.46
2039,网络系统,0.46
2040,管护,0.46
2041,科力扬,0.46
2042,短消息,0.46
2043,知识产权,0.46
2044,服务器端,0.46
2045,录象,0.46
2046,归保,0.46
2047,好酷,0.46
2048,多购,0.46
2049,国际标准,0.46
2050,商数,0.46
2051,商务旅行,0.46
2052,品佳,0.46
2053,名牌,0.46
2054,原免,0.46
2055,华利,0.46
2056,企业邮箱,0.46
2057,飞蝶,0.45
2058,诺亚舟,0.45
2059,舌头,0.45
2060,联想,0.45
2061,罐嚼,0.45
2062,给付,0.45
2063,秋天,0.45
2064,春盛,0.45
2065,工贸,0.45
2066,天山,0.45
2067,另议,0.45
2068,南方,0.45
2069,全能,0.45
2070,交易量,0.45
2071,责任感,0.44
2072,罗利,0.44
2073,经典,0.44
2074,组装,0.44
2075,管件,0.44
2076,省油,0.44
2077,热门,0.44
2078,热线电话,0.44
2079,欲购从速,0.44
2080,普丹,0.44
2081,我院,0.44
2082,惠州市,0.44
2083,亿网,0.44
2084,五环,0.44
2085,丰裕,0.44
2086,阜成路,0.43
2087,途网,0.43
2088,远见卓识,0.43
2089,这张,0.43
2090,茶叶,0.43
2091,联系,0.43
2092,硬盘,0.43
2093,真人,0.43
2094,源为,0.43
2095,渠道,0.43
2096,水罐,0.43
2097,本厂,0.43
2098,惠芬,0.43
2099,彩色,0.43
2100,巨朗,0.43
2101,对忆,0.43
2102,外教,0.43
2103,厨房用具,0.43
2104,卡通,0.43
2105,修改,0.43
2106,中华,0.43
2107,黑马,0.42
2108,预约,0.42
2109,蝙蝠侠,0.42
2110,蒙胧,0.42
2111,精准,0.42
2112,祥细,0.42
2113,生产,0.42
2114,每盘,0.42
2115,检索,0.42
2116,查收,0.42
2117,新联,0.42
2118,数码影像,0.42
2119,提醒,0.42
2120,护理,0.42
2121,思路,0.42
2122,廊坊市,0.42
2123,对性,0.42
2124,商品,0.42
2125,右侧,0.42
2126,博雅,0.42
2127,华兴,0.42
2128,企业邮局,0.42
2129,上海市,0.42
2130,鸿达,0.41
2131,马桶,0.41
2132,铁通,0.41
2133,轻钢,0.41
2134,艺星,0.41
2135,网络设备,0.41
2136,线路,0.41
2137,管理员,0.41
2138,研究院,0.41
2139,申办,0.41
2140,玩网,0.41
2141,正达,0.41
2142,楼艺星轩,0.41
2143,开出,0.41
2144,孩子,0.41
2145,大减,0.41
2146,办公时间,0.41
2147,力源,0.41
2148,再生,0.41
2149,全套,0.41
2150,中国人民大学,0.41
2151,中东,0.41
2152,飞禹,0.4
2153,銷售,0.4
2154,进口商,0.4
2155,蜂鸟网,0.4
2156,艳遇,0.4
2157,神使,0.4
2158,盛玉娥,0.4
2159,疯狂,0.4
2160,淘金,0.4
2161,油气分离,0.4
2162,暴光,0.4
2163,总理,0.4
2164,广交会,0.4
2165,平面设计,0.4
2166,市场占有率,0.4
2167,工程项目,0.4
2168,岩田,0.4
2169,名片,0.4
2170,可调,0.4
2171,单品,0.4
2172,华人,0.4
2173,內河,0.4
2174,中裕,0.4
2175,顺顺,0.39
2176,需要,0.39
2177,阿巴斯港,0.39
2178,部落,0.39
2179,视频秀,0.39
2180,考勤,0.39
2181,精品课程,0.39
2182,类型,0.39
2183,祝您,0.39
2184,祈源,0.39
2185,法务,0.39
2186,没家,0.39
2187,有盘,0.39
2188,广告片,0.39
2189,声威,0.39
2190,向本,0.39
2191,台湾,0.39
2192,发热,0.39
2193,促销,0.39
2194,亿个,0.39
2195,个股,0.39
2196,转播塔,0.38
2197,艺泰,0.38
2198,致电,0.38
2199,疑难杂症,0.38
2200,电视台,0.38
2201,瓶装,0.38
2202,深表谢意,0.38
2203,深受其害,0.38
2204,查帐,0.38
2205,喜乐,0.38
2206,商标局,0.38
2207,几十款,0.38
2208,信息化,0.38
2209,人员,0.38
2210,雅诗兰黛,0.37
2211,雅芳,0.37
2212,过户,0.37
2213,账务,0.37
2214,聊个,0.37
2215,穿备,0.37
2216,磊技茄,0.37
2217,碳型,0.37
2218,电力,0.37
2219,烦人,0.37
2220,流花路,0.37
2221,流亡政府,0.37
2222,没辑,0.37
2223,核算,0.37
2224,机遇,0.37
2225,时期,0.37
2226,拱型,0.37
2227,当当网,0.37
2228,尊貴,0.37
2229,外语水平,0.37
2230,东东,0.37
2231,首企,0.36
2232,鞋子,0.36
2233,金建,0.36
2234,避免,0.36
2235,运输,0.36
2236,过元,0.36
2237,趣是,0.36
2238,财源茂盛,0.36
2239,谢谢您,0.36
2240,读卡器,0.36
2241,花园别墅,0.36
2242,腿部,0.36
2243,网络部,0.36
2244,管家婆,0.36
2245,真诚,0.36
2246,真伪,0.36
2247,来代开,0.36
2248,李经理,0.36
2249,智慧,0.36
2250,技术培训,0.36
2251,张生,0.36
2252,建材工业,0.36
2253,售后,0.36
2254,厘点,0.36
2255,北泡,0.36
2256,创意,0.36
2257,刘伟,0.36
2258,亿虎,0.36
2259,享受,0.36
2260,东康,0.36
2261,雕刻机,0.35
2262,阿联酋,0.35
2263,输入,0.35
2264,赛迪,0.35
2265,话机,0.35
2266,西部,0.35
2267,童先生,0.35
2268,税务机关,0.35
2269,短裙,0.35
2270,监视,0.35
2271,百丽,0.35
2272,白癜风,0.35
2273,病毒,0.35
2274,爱国路,0.35
2275,有用,0.35
2276,普力,0.35
2277,排气量,0.35
2278,客户服务,0.35
2279,在手,0.35
2280,国际,0.35
2281,听得见,0.35
2282,六名,0.35
2283,光驱,0.35
2284,做好,0.35
2285,侵式,0.35
2286,供机,0.35
2287,仅收,0.35
2288,一毛钱,0.35
2289,配对,0.34
2290,那样,0.34
2291,造币,0.34
2292,过沙廛,0.34
2293,试用装,0.34
2294,精灵,0.34
2295,竞标,0.34
2296,票额,0.34
2297,汉堡,0.34
2298,数万家,0.34
2299,性爱,0.34
2300,广洲鸿祥,0.34
2301,宏兴,0.34
2302,名为,0.34
2303,史丹利,0.34
2304,功能强大,0.34
2305,例均,0.34
2306,仿制,0.34
2307,代开代开,0.34
2308,买年,0.34
2309,个币,0.34
2310,丝袜,0.34
2311,高校,0.33
2312,领域,0.33
2313,问卷,0.33
2314,贴体,0.33
2315,茂卓来,0.33
2316,网友,0.33
2317,繁体版,0.33
2318,更添,0.33
2319,明轩,0.33
2320,斑竹,0.33
2321,成像,0.33
2322,感想,0.33
2323,宏源,0.33
2324,威猛,0.33
2325,塑料,0.33
2326,基因,0.33
2327,吸塑,0.33
2328,向往已久,0.33
2329,出差,0.33
2330,产业部,0.33
2331,一日,0.33
2332,鳄鱼恤,0.32
2333,转发给,0.32
2334,调研员,0.32
2335,胡辣汤,0.32
2336,聊天室,0.32
2337,群发器,0.32
2338,种植,0.32
2339,神州,0.32
2340,磁条卡,0.32
2341,电池,0.32
2342,电子产品,0.32
2343,善于,0.32
2344,哈弗尔,0.32
2345,听见,0.32
2346,全库,0.32
2347,免费电影,0.32
2348,丹尼,0.32
2349,东方,0.32
2350,邓志中,0.31
2351,诚实,0.31
2352,讨论区,0.31
2353,男人,0.31
2354,淘在,0.31
2355,每克,0.31
2356,框中,0.31
2357,来本,0.31
2358,李健,0.31
2359,杂货,0.31
2360,昊泉,0.31
2361,悦华,0.31
2362,大棚,0.31
2363,分钱,0.31
2364,出海打鱼,0.31
2365,伸出,0.31
2366,人太多,0.31
2367,交费,0.31
2368,个人成长,0.31
2369,上联,0.31
2370,顶尖,0.3
2371,造型,0.3
2372,身份证,0.3
2373,贴图,0.3
2374,联兴,0.3
2375,老人头,0.3
2376,网络实名,0.3
2377,病方,0.3
2378,申领,0.3
2379,玩游戏,0.3
2380,本人,0.3
2381,木马,0.3
2382,朋友圈,0.3
2383,时代光华,0.3
2384,文化,0.3
2385,收藏夹,0.3
2386,打气筒,0.3
2387,截关,0.3
2388,慧聪,0.3
2389,惠代开,0.3
2390,废旧金属,0.3
2391,回答,0.3
2392,华鹏,0.3
2393,华南,0.3
2394,出版社,0.3
2395,冶金工业部,0.3
2396,体育网,0.3
2397,企业家,0.3
2398,仪器,0.3
2399,人家,0.3
2400,亲水,0.3
2401,三星,0.3
2402,记忆,0.29
2403,记录,0.29
2404,西涌,0.29
2405,蒸蒸日上,0.29
2406,联趣,0.29
2407,美腿,0.29
2408,相思,0.29
2409,火机,0.29
2410,清欠,0.29
2411,每位,0.29
2412,柴鱼,0.29
2413,搜网趣,0.29
2414,打字,0.29
2415,手写,0.29
2416,我刚,0.29
2417,情感,0.29
2418,征稿,0.29
2419,影视广告,0.29
2420,好找,0.29
2421,太平洋,0.29
2422,大甲岛,0.29
2423,大家,0.29
2424,只想,0.29
2425,千里之行,0.29
2426,前线,0.29
2427,创收,0.29
2428,光源,0.29
2429,五金,0.29
2430,书目,0.29
2431,中软,0.29
2432,通天,0.28
2433,荣创,0.28
2434,胡小姐,0.28
2435,细胞,0.28
2436,组委会,0.28
2437,皮肤,0.28
2438,波导,0.28
2439,格兰,0.28
2440,林先生,0.28
2441,斯威本,0.28
2442,摄影,0.28
2443,搜寻,0.28
2444,彩像,0.28
2445,尚沃,0.28
2446,天使,0.28
2447,培训师,0.28
2448,国航,0.28
2449,团体,0.28
2450,售价,0.28
2451,单元,0.28
2452,华西,0.28
2453,云达,0.28
2454,一举多得,0.28
2455,锐旗,0.27
2456,设计师,0.27
2457,蔚然,0.27
2458,精仿,0.27
2459,立业,0.27
2460,画家,0.27
2461,正品,0.27
2462,欧姆龙,0.27
2463,数码产品,0.27
2464,得惠,0.27
2465,存储卡,0.27
2466,天利泰路,0.27
2467,善意,0.27
2468,区域代理,0.27
2469,加工,0.27
2470,冲值,0.27
2471,佳欣,0.27
2472,优质优价,0.27
2473,仿表有,0.27
2474,以内,0.27
2475,陪练,0.26
2476,联众,0.26
2477,简易,0.26
2478,福华,0.26
2479,画院,0.26
2480,求生,0.26
2481,富含,0.26
2482,家居,0.26
2483,墨盒,0.26
2484,四川,0.26
2485,商务英语,0.26
2486,合拓,0.26
2487,劳力,0.26
2488,动漫,0.26
2489,佛山市,0.26
2490,亲朋好友,0.26
2491,互动,0.26
2492,中低档,0.26
2493,专题,0.26
2494,镁光,0.25
2495,能够,0.25
2496,美术,0.25
2497,种值,0.25
2498,秀秀,0.25
2499,珍珠店,0.25
2500,海城,0.25
2501,桌面,0.25
2502,来办,0.25
2503,月息,0.25
2504,技能,0.25
2505,手链,0.25
2506,情侣用品,0.25
2507,强烈推荐,0.25
2508,开课日期,0.25
2509,屏蔽器,0.25
2510,富翁,0.25
2511,学时,0.25
2512,子机,0.25
2513,垃圾,0.25
2514,叶先生,0.25
2515,包装机,0.25
2516,凝气,0.25
2517,内训,0.25
2518,八万,0.25
2519,充电器,0.25
2520,偏方,0.25
2521,业务员,0.25
2522,专业书籍,0.25
2523,+++++,0.25
2524,阔维,0.24
2525,锂离子,0.24
2526,量贩式,0.24
2527,邱先生,0.24
2528,车配,0.24
2529,谢伟,0.24
2530,西游,0.24
2531,英砂,0.24
2532,花都区,0.24
2533,网站空间,0.24
2534,签注,0.24
2535,确保您,0.24
2536,留言,0.24
2537,楼座,0.24
2538,挂历,0.24
2539,心哲,0.24
2540,店王,0.24
2541,叶飞,0.24
2542,发誓,0.24
2543,及时,0.24
2544,原创,0.24
2545,全新,0.24
2546,使用版,0.24
2547,九洲,0.24
2548,上当,0.24
2549,顺达,0.23
2550,鑫源,0.23
2551,网来,0.23
2552,精彩文章,0.23
2553,精华,0.23
2554,百倍,0.23
2555,瑞旺,0.23
2556,王乐,0.23
2557,漂流,0.23
2558,清理,0.23
2559,流行,0.23
2560,水中,0.23
2561,栏目,0.23
2562,机子,0.23
2563,日照,0.23
2564,收到,0.23
2565,折至,0.23
2566,左小翠,0.23
2567,头文字,0.23
2568,大类,0.23
2569,号兆丰,0.23
2570,发财,0.23
2571,友友,0.23
2572,博亿网,0.23
2573,办税,0.23
2574,分析,0.23
2575,写法,0.23
2576,全案,0.23
2577,限次,0.22
2578,金富,0.22
2579,迪厅,0.22
2580,货物,0.22
2581,计算机系,0.22
2582,聘用,0.22
2583,素材,0.22
2584,登记,0.22
2585,特殊,0.22
2586,水晶像,0.22
2587,檀鑫,0.22
2588,桥本,0.22
2589,来访者,0.22
2590,服务中心,0.22
2591,替代,0.22
2592,故障,0.22
2593,投标书,0.22
2594,广进,0.22
2595,学校,0.22
2596,字幕,0.22
2597,商店,0.22
2598,司机,0.22
2599,参数,0.22
2600,十倍,0.22
2601,包年,0.22
2602,价钱,0.22
2603,赵巧辉,0.21
2604,装修,0.21
2605,衣柜,0.21
2606,监测,0.21
2607,活动,0.21
2608,机电工程,0.21
2609,本光盘,0.21
2610,服务费,0.21
2611,最佳,0.21
2612,方生,0.21
2613,很多,0.21
2614,学界,0.21
2615,奖励,0.21
2616,哲学家,0.21
2617,听众,0.21
2618,别人,0.21
2619,信誉至上,0.21
2620,信守合同,0.21
2621,信号,0.21
2622,一份,0.21
2623,项链,0.2
2624,青岛,0.2
2625,雅铭,0.2
2626,金饰品,0.2
2627,都市网,0.2
2628,透漏,0.2
2629,软化,0.2
2630,车位,0.2
2631,罗湖区,0.2
2632,绝对,0.2
2633,红龙,0.2
2634,精美画册,0.2
2635,科目,0.2
2636,秀才,0.2
2637,王老师,0.2
2638,清零,0.2
2639,本刊,0.2
2640,有效,0.2
2641,无码,0.2
2642,效果,0.2
2643,收藏,0.2
2644,撰写,0.2
2645,招贴,0.2
2646,拓海,0.2
2647,所在城市,0.2
2648,工厂,0.2
2649,导出,0.2
2650,孙子兵法,0.2
2651,原由,0.2
2652,办公,0.2
2653,冲压,0.2
2654,内设,0.2
2655,保修卡,0.2
2656,传说,0.2
2657,伟特五,0.2
2658,会游,0.2
2659,亿联,0.2
2660,交流会,0.2
2661,两号,0.2
2662,非诉讼,0.19
2663,雄鹰,0.19
2664,连结,0.19
2665,贴纸相,0.19
2666,蓝婷丝,0.19
2667,群呼,0.19
2668,玻璃钢,0.19
2669,海员,0.19
2670,泉州,0.19
2671,欣龙,0.19
2672,本榜,0.19
2673,无痕,0.19
2674,教程,0.19
2675,想要,0.19
2676,情郎,0.19
2677,强大,0.19
2678,开拓,0.19
2679,开以,0.19
2680,工控,0.19
2681,大讲堂,0.19
2682,堕胎药,0.19
2683,因本,0.19
2684,名山,0.19
2685,公共场所,0.19
2686,人类,0.19
2687,为贵,0.19
2688,高速公路,0.18
2689,银行,0.18
2690,达利,0.18
2691,课堂教学,0.18
2692,腾志,0.18
2693,综合型,0.18
2694,统计分析,0.18
2695,系谱,0.18
2696,歌词,0.18
2697,桑拿,0.18
2698,普惠,0.18
2699,无毒,0.18
2700,收视率,0.18
2701,拓展,0.18
2702,扣费,0.18
2703,戴尔,0.18
2704,总经销商,0.18
2705,广结善缘,0.18
2706,左区,0.18
2707,地说,0.18
2708,咸鱼,0.18
2709,周内,0.18
2710,可及,0.18
2711,包房,0.18
2712,动力,0.18
2713,剑侠情缘,0.18
2714,催情药,0.18
2715,企业应用,0.18
2716,以少,0.18
2717,中视,0.18
2718,上网冲浪,0.18
2719,万顺,0.18
2720,高品位,0.17
2721,马克思,0.17
2722,角质层,0.17
2723,联谊,0.17
2724,职业生涯,0.17
2725,系统集成,0.17
2726,电话机,0.17
2727,理想,0.17
2728,游侠,0.17
2729,海通,0.17
2730,洋葱头,0.17
2731,李文杰,0.17
2732,有个,0.17
2733,最佳人选,0.17
2734,对象,0.17
2735,周六,0.17
2736,名校,0.17
2737,口译,0.17
2738,卡可返,0.17
2739,下线,0.17
2740,语种,0.16
2741,训练项目,0.16
2742,让你在,0.16
2743,订票,0.16
2744,薪酬,0.16
2745,耗材,0.16
2746,空白,0.16
2747,归零,0.16
2748,好了吗,0.16
2749,外经贸部,0.16
2750,四季豆,0.16
2751,吸血鬼,0.16
2752,原装,0.16
2753,众多,0.16
2754,一举一动,0.16
2755,高密度,0.15
2756,预定,0.15
2757,赠券,0.15
2758,诚聘,0.15
2759,表妹,0.15
2760,良品,0.15
2761,脱光,0.15
2762,直充,0.15
2763,树脂,0.15
2764,机器,0.15
2765,斗笠,0.15
2766,数据网络,0.15
2767,或者,0.15
2768,成品,0.15
2769,开门,0.15
2770,宣传员,0.15
2771,客户关系,0.15
2772,完整性,0.15
2773,内存,0.15
2774,保质,0.15
2775,供货,0.15
2776,中间件,0.15
2777,贸促会,0.14
2778,网络游戏,0.14
2779,硬件,0.14
2780,最酷,0.14
2781,时间,0.14
2782,改变,0.14
2783,摇控,0.14
2784,市场动态,0.14
2785,富民,0.14
2786,宇翔辉,0.14
2787,发行量,0.14
2788,印刷机,0.14
2789,入仓,0.14
2790,作风,0.14
2791,什么,0.14
2792,交友平台,0.14
2793,二块,0.14
2794,不明,0.14
2795,鼠标,0.13
2796,高层,0.13
2797,门票,0.13
2798,解梦,0.13
2799,精彩,0.13
2800,租赁,0.13
2801,票价,0.13
2802,理念,0.13
2803,注册号,0.13
2804,标准版,0.13
2805,日渐,0.13
2806,迷情,0.12
2807,管理者,0.12
2808,立式,0.12
2809,校区,0.12
2810,杀毒软件,0.12
2811,日照市,0.12
2812,所有,0.12
2813,女人,0.12
2814,品牌,0.12
2815,原因,0.12
2816,单机版,0.12
2817,桂丰牌,0.11
2818,无痛性,0.11
2819,投放,0.11
2820,复视,0.11
2821,基地,0.11
2822,协办,0.11
2823,一键,0.11
2824,高档礼品,0.1
2825,邮差,0.1
2826,异物感,0.1
2827,商战,0.1
2828,关之琳,0.1
2829,公余,0.1
2830,伙头,0.1
2831,环境,0.09
